Stock,Total Quarterly Gross Profit Score,Total Annual Gross Profit Score,Total Quarterly Revenue Score,Total Annual Revenue Score,Total Quarterly EPS Score,Total Annual EPS Score,Total Score
A,1,0,1,0,2.0,1.0,5
AA,1,0,1,0,0.0,0.0,2
AAIC,2,1,2,1,2.0,1.0,9
AAP,1,2,1,2,0.0,1.0,7
AAT,0,1,1,1,0.0,1.0,4
AB,3,2,3,2,3.0,2.0,15
ABB,2,0,3,0,1.0,2.0,8
ABBV,2,2,1,2,1.0,1.0,9
ABC,1,1,1,0,2.0,0.0,5
ABG,1,1,1,0,0.0,2.0,5
ABM,0,2,1,0,2.0,0.0,5
ABR,0,0,0,0,0.0,2.0,2
ABT,3,2,3,2,1.0,0.0,11
ACA,0,1,0,1,0.0,1.0,3
ACC,2,0,3,0,2.0,0.0,7
ACCO,1,1,1,1,1.0,1.0,6
ACEL,1,0,1,0,2.0,,4
ACM,0,1,1,0,2.0,0.0,4
ACN,1,0,1,0,3.0,0.0,5
ACRE,0,1,0,1,0.0,0.0,2
ADC,3,1,3,1,2.0,1.0,11
ADM,2,2,2,0,2.0,2.0,10
ADNT,1,0,1,0,2.0,0.0,4
ADS,1,0,1,0,1.0,0.0,3
ADT,0,1,2,1,0.0,0.0,4
AEE,1,2,1,0,0.0,2.0,6
AEL,2,1,2,1,1.0,2.0,9
AEM,1,3,1,3,0.0,1.0,9
AEO,0,0,2,1,1.0,0.0,4
AER,0,1,2,1,2.0,1.0,7
AES,1,2,1,0,2.0,0.0,6
AFG,2,1,2,1,2.0,1.0,9
AFI,1,0,1,0,0.0,0.0,2
AFL,2,1,1,1,1.0,3.0,9
AG,1,1,1,1,1.0,2.0,7
AGCO,1,2,1,2,1.0,2.0,9
AGI,1,1,1,2,1.0,1.0,7
AGM,2,2,2,2,2.0,0.0,10
AGO,2,0,2,2,2.0,2.0,10
AGRO,3,1,1,1,2.0,0.0,8
AGS,1,0,1,0,0.0,0.0,2
AGX,1,0,3,0,1.0,0.0,5
AHH,2,1,0,3,0.0,1.0,7
AHT,0,1,1,1,0.0,0.0,3
AIG,1,1,1,1,1.0,1.0,6
AIN,2,0,2,0,0.0,0.0,4
AIR,3,1,3,1,2.0,0.0,10
AIRC,0,0,0,0,,0.0,0
AIT,1,0,1,0,0.0,0.0,2
AIZ,2,1,3,0,2.0,1.0,9
AJG,1,1,1,0,1.0,2.0,6
AJRD,2,0,2,3,2.0,0.0,9
AJX,2,1,2,1,2.0,1.0,9
AKR,2,1,2,1,0.0,1.0,7
AL,0,1,0,1,0.0,1.0,3
ALB,1,0,2,0,1.0,0.0,4
ALC,1,0,1,0,2.0,,4
ALEX,2,0,1,0,1.0,2.0,6
ALG,1,0,1,1,1.0,0.0,4
ALK,0,1,1,1,0.0,1.0,4
ALL,2,1,2,1,2.0,1.0,9
ALLY,2,1,2,1,0.0,1.0,7
ALSN,1,0,1,0,1.0,0.0,3
ALTG,1,3,3,3,2.0,,12
ALV,1,0,1,0,1.0,1.0,4
ALX,2,0,2,0,2.0,1.0,7
AMBC,2,0,2,0,0.0,0.0,4
AMC,0,0,1,0,0.0,1.0,2
AME,1,0,1,0,1.0,0.0,3
AMG,1,0,3,0,0.0,2.0,6
AMH,1,0,1,0,1.0,1.0,4
AMK,1,0,1,0,1.0,0.0,3
AMN,2,0,2,2,0.0,0.0,6
AMP,3,0,1,0,2.0,0.0,6
AMPY,1,0,1,0,0.0,1.0,3
AMRC,1,2,1,3,1.0,3.0,11
AMT,3,2,3,2,0.0,1.0,11
AMX,3,3,1,2,1.0,0.0,10
AN,1,1,1,0,0.0,1.0,4
ANET,1,0,1,0,1.0,1.0,4
ANF,2,0,2,0,1.0,0.0,5
ANH,2,0,2,0,2.0,0.0,6
ANTM,0,2,1,3,2.0,1.0,9
AON,2,0,2,0,2.0,1.0,7
AOS,1,0,1,0,1.0,0.0,3
AP,3,1,3,0,1.0,2.0,10
APAM,1,2,1,2,2.0,2.0,10
APD,1,0,1,0,1.0,1.0,4
APH,1,2,1,2,1.0,2.0,9
APLE,1,0,1,0,0.0,0.0,2
APO,2,1,2,1,2.0,1.0,9
APRN,2,2,2,2,0.0,0.0,8
APTS,2,0,1,0,0.0,0.0,3
APTV,1,0,1,0,1.0,2.0,5
AQN,3,3,3,2,2.0,1.0,14
AQUA,1,1,1,1,0.0,2.0,6
AR,1,0,1,0,2.0,0.0,4
ARC,1,0,1,0,1.0,2.0,5
ARCH,1,0,1,0,0.0,0.0,2
ARCO,1,1,1,0,0.0,2.0,5
ARD,1,1,1,2,1.0,1.0,7
ARE,1,2,1,2,2.0,2.0,10
ARES,2,1,2,1,2.0,1.0,9
ARGO,2,0,3,1,0.0,1.0,7
ARI,2,1,2,1,0.0,0.0,6
ARL,2,2,2,2,1.0,2.0,11
ARLO,1,2,1,0,0.0,0.0,4
ARMK,1,0,1,0,0.0,0.0,2
AROC,0,0,0,0,1.0,1.0,2
ARR,2,0,2,0,2.0,0.0,6
ARW,3,0,3,0,2.0,2.0,10
ASB,2,0,2,0,2.0,0.0,6
ASC,0,1,0,1,0.0,0.0,2
ASGN,1,0,1,0,0.0,3.0,5
ASH,2,0,1,0,2.0,0.0,5
ASPN,2,1,0,1,0.0,0.0,4
ASR,2,0,3,0,2.0,1.0,8
ASX,2,2,3,2,1.0,2.0,12
AT,1,1,3,0,1.0,2.0,8
ATCO,0,2,0,2,1.0,0.0,5
ATGE,1,3,3,1,1.0,1.0,10
ATH,2,1,2,1,2.0,1.0,9
ATHM,2,0,2,0,2.0,2.0,8
ATI,2,0,2,0,0.0,0.0,4
ATKR,1,0,1,0,1.0,0.0,3
ATO,2,2,2,0,2.0,2.0,10
ATR,1,0,1,0,1.0,1.0,4
ATTO,1,0,1,0,0.0,0.0,2
AVA,2,3,2,0,2.0,1.0,10
AVAL,1,0,1,0,2.0,0.0,4
AVB,0,0,0,0,2.0,2.0,4
AVD,3,0,3,0,2.0,2.0,10
AVLR,3,1,3,1,0.0,0.0,8
AVNS,1,0,1,1,1.0,0.0,4
AVNT,1,2,1,2,2.0,0.0,8
AVTR,3,2,3,2,2.0,2.0,14
AVY,1,2,3,0,1.0,2.0,9
AVYA,0,1,0,1,1.0,0.0,3
AWI,1,1,1,0,0.0,0.0,3
AWK,1,1,1,1,1.0,2.0,7
AWR,0,1,0,1,0.0,1.0,3
AX,1,3,1,3,1.0,2.0,11
AXL,1,0,1,0,1.0,0.0,3
AXP,1,0,1,0,1.0,0.0,3
AXTA,1,0,1,0,1.0,0.0,3
AYI,2,0,0,0,2.0,0.0,4
AYX,1,0,1,0,3.0,0.0,5
AZO,0,1,0,3,0.0,1.0,5
AZRE,2,2,2,2,0.0,1.0,9
AZUL,1,0,3,1,0.0,0.0,5
AZZ,3,3,2,3,2.0,1.0,14
B,3,0,1,0,1.0,0.0,5
BA,1,0,1,0,0.0,0.0,2
BABA,2,2,2,0,2.0,2.0,10
BAC,1,0,1,0,1.0,0.0,3
BAH,1,3,1,3,1.0,1.0,10
BAK,1,2,1,2,0.0,0.0,6
BALY,1,1,1,1,3.0,0.0,7
BAM,1,1,1,0,3.0,0.0,6
BANC,0,0,0,0,1.0,0.0,1
BAP,1,1,1,1,2.0,1.0,7
BAX,1,0,1,2,1.0,2.0,7
BBAR,2,1,2,1,2.0,2.0,10
BBDC,3,0,3,0,1.0,2.0,9
BBVA,1,0,1,0,0.0,0.0,2
BBW,1,1,1,1,2.0,2.0,8
BBY,1,3,3,3,2.0,2.0,14
BC,1,1,1,2,1.0,2.0,8
BCC,1,2,1,2,1.0,1.0,8
BCEI,1,0,1,0,3.0,2.0,7
BCO,1,1,1,1,2.0,1.0,7
BCSF,2,0,2,0,0.0,1.0,5
BDC,1,0,1,0,1.0,0.0,3
BDN,0,1,0,1,1.0,2.0,5
BDX,1,0,1,0,2.0,1.0,5
BE,1,0,2,0,0.0,0.0,3
BEDU,2,1,2,1,2.0,0.0,8
BEN,1,0,1,0,2.0,1.0,5
BEP,0,0,2,0,0.0,0.0,2
BERY,0,3,3,3,0.0,2.0,11
BEST,2,0,2,0,0.0,0.0,4
BFAM,0,1,1,0,2.0,1.0,5
BFS,1,1,1,1,1.0,0.0,5
BG,2,2,3,2,2.0,2.0,13
BGS,0,2,2,2,0.0,2.0,8
BGSF,1,0,1,0,2.0,1.0,5
BH,1,2,1,0,2.0,1.0,7
BHC,1,1,1,1,1.0,0.0,5
BHE,1,0,1,0,1.0,0.0,3
BHLB,1,0,1,0,1.0,0.0,3
BHR,2,1,1,1,0.0,0.0,5
BIG,2,2,2,3,2.0,3.0,14
BIO,1,2,3,2,0.0,1.0,9
BIP,1,1,3,1,2.0,2.0,10
BJ,0,2,2,2,1.0,2.0,9
BK,0,0,0,0,0.0,1.0,1
BKD,1,0,0,0,0.0,2.0,3
BKE,2,1,2,1,2.0,3.0,11
BKH,3,3,3,0,3.0,2.0,14
BKI,2,1,3,0,1.0,2.0,9
BKR,2,0,3,0,2.0,0.0,7
BKU,2,0,2,0,2.0,1.0,7
BLD,1,0,1,0,1.0,1.0,4
BLK,1,2,1,2,0.0,3.0,9
BLL,1,2,1,2,0.0,1.0,7
BLX,1,1,3,1,2.0,1.0,9
BMA,2,1,2,1,0.0,1.0,7
BMI,1,2,1,2,1.0,1.0,8
BMO,2,1,2,1,2.0,0.0,8
BMY,1,3,3,3,1.0,0.0,11
BNED,1,0,1,0,1.0,0.0,3
BNL,2,0,2,0,,,4
BNS,1,1,1,1,3.0,0.0,7
BOH,3,1,3,1,2.0,0.0,10
BOOT,2,1,3,1,1.0,0.0,8
BORR,1,1,2,0,0.0,,4
BOX,0,2,0,0,0.0,0.0,2
BP,0,0,1,0,0.0,0.0,1
BPMP,1,0,1,1,1.0,0.0,4
BR,2,0,2,2,0.0,0.0,6
BRBR,1,0,1,2,1.0,,5
BRC,1,0,1,0,0.0,1.0,3
BRFS,3,1,3,3,2.0,3.0,15
BRO,1,1,1,1,1.0,3.0,8
BRT,2,2,1,3,0.0,0.0,8
BRX,3,0,3,0,1.0,0.0,7
BSAC,3,1,3,1,0.0,0.0,8
BSBR,2,1,2,1,3.0,0.0,9
BSM,3,0,3,0,1.0,0.0,7
BSMX,1,0,1,0,1.0,1.0,4
BSX,2,3,2,3,2.0,0.0,12
BTU,1,0,3,0,0.0,0.0,4
BUD,1,0,1,0,3.0,1.0,6
BURL,0,0,1,1,2.0,2.0,6
BW,2,1,2,0,1.0,0.0,6
BWA,1,0,1,0,1.0,0.0,3
BWXT,1,3,3,2,1.0,2.0,12
BX,0,1,0,1,0.0,1.0,3
BXC,1,2,1,2,0.0,2.0,8
BXMT,0,0,0,0,1.0,0.0,1
BXP,1,1,1,1,0.0,2.0,6
BY,1,0,1,0,0.0,0.0,2
BYD,1,1,1,1,1.0,1.0,6
BZH,1,2,1,2,1.0,2.0,9
C,1,1,1,1,1.0,0.0,5
CAAP,0,0,3,1,0.0,1.0,5
CABO,1,2,1,2,3.0,3.0,12
CACI,1,3,2,3,2.0,2.0,13
CADE,1,1,1,1,3.0,0.0,7
CAE,1,2,1,1,2.0,0.0,7
CAG,2,1,2,1,1.0,2.0,9
CAH,1,2,1,1,2.0,1.0,8
CAI,1,0,1,1,1.0,0.0,4
CAJ,3,0,3,0,1.0,0.0,7
CAL,1,1,1,1,1.0,1.0,6
CALX,1,2,1,2,1.0,2.0,9
CANG,1,1,3,3,3.0,,11
CAPL,0,2,1,0,1.0,3.0,7
CARS,1,0,1,0,2.0,0.0,4
CAT,3,0,2,0,1.0,0.0,6
CATO,2,0,2,0,0.0,0.0,4
CB,1,0,0,3,1.0,1.0,6
CBD,0,2,0,2,1.0,2.0,7
CBRE,3,0,3,0,1.0,0.0,7
CBT,1,0,1,0,2.0,1.0,5
CBU,1,0,1,0,1.0,0.0,3
CBZ,1,2,1,0,0.0,0.0,4
CC,1,2,1,0,1.0,2.0,7
CCI,1,0,1,0,2.0,0.0,4
CCJ,2,0,2,0,0.0,0.0,4
CCK,1,0,1,0,1.0,0.0,3
CCL,0,0,2,1,0.0,0.0,3
CCO,1,0,1,0,0.0,0.0,2
CCS,2,2,2,2,2.0,2.0,12
CCU,3,0,3,0,2.0,0.0,8
CDE,1,2,1,1,1.0,2.0,8
CDR,1,0,1,0,2.0,0.0,4
CE,1,0,1,0,3.0,2.0,7
CEIX,1,0,1,0,2.0,0.0,4
CELP,0,0,0,1,0.0,1.0,2
CEPU,1,0,1,0,1.0,1.0,4
CEQP,1,1,1,0,2.0,1.0,6
CF,2,0,2,0,2.0,1.0,7
CFG,2,0,2,0,2.0,0.0,6
CFR,1,0,1,0,0.0,0.0,2
CFX,1,1,1,1,1.0,2.0,7
CGA,2,0,2,0,0.0,1.0,5
CHD,0,3,3,2,1.0,3.0,12
CHE,1,3,1,1,2.0,2.0,10
CHGG,2,2,2,3,2.0,0.0,11
CHH,1,0,1,0,1.0,0.0,3
CHMI,3,0,1,0,2.0,0.0,6
CHRA,1,2,0,0,0.0,0.0,3
CHS,1,0,1,0,0.0,0.0,2
CHT,0,0,3,2,0.0,2.0,7
CHX,1,2,1,2,2.0,0.0,8
CI,2,1,1,1,2.0,3.0,10
CIA,0,0,2,1,2.0,0.0,5
CIEN,0,1,0,1,0.0,1.0,3
CIM,1,1,1,1,1.0,0.0,5
CINR,1,1,1,1,2.0,1.0,7
CIO,1,0,1,0,1.0,0.0,3
CIR,2,0,3,0,0.0,0.0,5
CIT,0,0,0,0,1.0,1.0,2
CLB,2,0,2,0,3.0,1.0,8
CLDR,1,1,2,1,0.0,0.0,5
CLDT,1,0,1,0,0.0,0.0,2
CLF,1,0,0,2,2.0,0.0,5
CLGX,1,3,1,3,1.0,2.0,11
CLH,1,0,1,0,0.0,1.0,3
CLI,1,0,1,0,2.0,0.0,4
CLNC,0,0,0,0,1.0,0.0,1
CLPR,2,2,2,2,0.0,0.0,8
CLR,1,0,1,0,0.0,0.0,2
CLS,0,2,0,0,1.0,0.0,3
CLW,0,2,0,3,2.0,2.0,9
CLX,0,3,0,2,1.0,2.0,8
CM,2,0,2,0,2.0,0.0,6
CMA,0,0,0,0,0.0,0.0,0
CMC,2,1,2,1,2.0,0.0,8
CMCM,0,0,0,0,1.0,2.0,3
CMD,1,2,1,2,1.0,0.0,7
CMG,1,1,1,1,1.0,1.0,6
CMI,1,0,1,0,1.0,0.0,3
CMO,0,0,0,0,0.0,0.0,0
CMP,2,1,3,0,2.0,0.0,8
CMRE,2,1,2,1,1.0,1.0,8
CMS,1,3,3,0,1.0,2.0,10
CNA,2,1,2,1,2.0,1.0,9
CNC,0,2,1,3,0.0,1.0,7
CNF,0,0,0,0,1.0,,1
CNHI,1,0,3,0,2.0,0.0,6
CNI,1,1,3,0,1.0,0.0,6
CNMD,1,1,1,1,3.0,0.0,7
CNNE,1,1,1,0,2.0,3.0,8
CNO,2,2,2,0,0.0,1.0,7
CNP,1,1,3,1,2.0,1.0,9
CNQ,1,0,1,0,1.0,1.0,4
CNR,1,1,1,0,0.0,0.0,3
CNS,1,1,1,1,0.0,0.0,4
CNX,2,0,3,0,2.0,0.0,7
CO,3,2,3,2,0.0,2.0,12
COE,1,3,1,2,0.0,2.0,9
COG,3,0,3,0,2.0,0.0,8
COLD,3,1,3,3,0.0,0.0,10
COO,1,0,1,0,2.0,1.0,5
COP,1,0,1,0,0.0,0.0,2
COR,2,2,1,2,0.0,0.0,7
COTY,1,0,1,0,1.0,0.0,3
CP,3,0,3,0,2.0,1.0,9
CPA,2,1,3,0,0.0,1.0,7
CPAC,1,1,1,1,2.0,1.0,7
CPB,1,3,1,1,1.0,2.0,9
CPE,1,2,1,2,0.0,0.0,6
CPF,2,0,2,0,2.0,0.0,6
CPK,3,1,3,2,2.0,1.0,12
CPLG,1,0,1,0,0.0,0.0,2
CPRI,1,1,1,1,1.0,0.0,5
CPS,1,0,1,0,1.0,0.0,3
CPT,1,1,1,1,1.0,1.0,6
CR,1,0,1,0,1.0,2.0,5
CRI,1,0,1,0,1.0,0.0,3
CRK,3,1,2,1,2.0,1.0,10
CRM,2,1,2,1,0.0,2.0,8
CRS,2,0,0,0,0.0,0.0,2
CRT,0,1,0,1,0.0,1.0,3
CRY,1,0,1,0,0.0,1.0,3
CS,0,1,0,1,0.0,0.0,2
CSL,1,1,1,0,1.0,0.0,4
CSPR,1,1,3,0,0.0,0.0,5
CSTM,1,1,1,0,2.0,0.0,5
CSU,0,0,0,0,0.0,0.0,0
CSV,1,3,1,2,2.0,1.0,10
CTB,1,1,1,0,1.0,3.0,7
CTLT,2,2,2,2,2.0,1.0,11
CTS,1,0,1,0,1.0,0.0,3
CTT,1,0,3,0,0.0,0.0,4
CTVA,2,2,2,2,2.0,2.0,12
CUB,1,1,1,1,1.0,1.0,6
CUBI,1,3,1,3,0.0,3.0,11
CUK,0,0,2,1,0.0,0.0,3
CURO,2,0,2,0,0.0,1.0,5
CUZ,1,1,1,1,1.0,1.0,6
CVA,1,0,1,2,1.0,0.0,5
CVE,0,0,1,0,0.0,1.0,2
CVI,0,0,1,0,0.0,0.0,1
CVNA,1,0,1,0,0.0,0.0,2
CVS,2,1,3,1,0.0,1.0,8
CVX,1,0,1,0,0.0,0.0,2
CW,1,0,3,0,1.0,0.0,5
CWEN,0,2,0,2,0.0,2.0,6
CWH,0,2,0,2,0.0,2.0,6
CWT,1,2,1,2,1.0,2.0,9
CX,1,0,1,0,0.0,0.0,2
CXW,3,1,2,1,1.0,1.0,9
CYD,0,2,0,3,2.0,0.0,7
CYH,1,0,1,0,2.0,2.0,6
DAC,0,2,0,2,2.0,1.0,7
DAL,0,1,1,0,0.0,1.0,3
DAN,1,0,1,0,1.0,0.0,3
DAO,1,3,1,3,,,8
DAR,2,3,3,2,1.0,1.0,12
DAVA,1,0,3,0,3.0,0.0,7
DBD,1,1,1,0,0.0,0.0,3
DBI,1,1,1,0,0.0,2.0,5
DCI,1,0,3,0,3.0,1.0,8
DCO,3,1,3,1,3.0,1.0,12
DCP,1,0,1,0,1.0,0.0,3
DD,1,0,1,0,2.0,0.0,4
DDD,1,0,3,0,0.0,0.0,4
DDS,2,0,2,0,1.0,0.0,5
DE,1,0,1,0,2.0,1.0,5
DECK,1,1,1,0,1.0,0.0,4
DEI,1,0,1,0,3.0,1.0,6
DELL,2,0,2,2,2.0,1.0,9
DEN,1,0,1,0,2.0,0.0,4
DESP,2,0,3,0,0.0,0.0,5
DFIN,2,2,2,2,1.0,0.0,9
DFS,1,1,1,1,1.0,0.0,5
DG,2,3,2,2,0.0,2.0,11
DGX,1,3,1,3,1.0,3.0,12
DHI,1,2,0,2,0.0,2.0,7
DHR,1,2,2,2,2.0,3.0,12
DHT,0,1,0,1,0.0,1.0,3
DHX,0,0,0,0,2.0,1.0,3
DIN,1,1,1,1,1.0,0.0,5
DIS,2,0,1,1,2.0,0.0,6
DK,0,0,1,0,0.0,1.0,2
DKL,0,2,1,0,0.0,2.0,5
DKS,2,3,2,3,2.0,2.0,14
DL,3,1,3,0,2.0,1.0,10
DLB,3,1,3,1,2.0,1.0,11
DLNG,2,1,1,3,2.0,0.0,9
DLR,2,2,2,2,2.0,1.0,11
DLX,1,0,1,0,0.0,2.0,4
DMS,1,0,3,0,2.0,,6
DNB,1,2,2,2,2.0,,9
DNOW,2,0,0,0,0.0,0.0,2
DOC,2,2,2,2,2.0,0.0,10
DOOR,1,3,1,2,2.0,2.0,11
DOV,1,1,1,0,1.0,1.0,5
DOW,1,0,1,0,2.0,2.0,6
DPZ,2,2,2,2,2.0,2.0,12
DQ,3,2,2,3,2.0,0.0,12
DRE,2,0,1,0,2.0,1.0,6
DRH,0,0,1,1,0.0,1.0,3
DRI,2,0,0,0,1.0,0.0,3
DRQ,1,1,1,1,1.0,1.0,6
DS,1,0,1,0,0.0,0.0,2
DSSI,0,1,0,1,0.0,,2
DSX,1,0,1,0,0.0,0.0,2
DT,3,3,3,3,1.0,,13
DTE,1,3,1,0,1.0,3.0,9
DUK,1,1,1,0,1.0,1.0,5
DVA,1,1,1,2,2.0,1.0,8
DVD,1,0,1,0,1.0,2.0,5
DVN,1,0,1,0,0.0,0.0,2
DX,2,2,2,2,2.0,2.0,12
DXC,1,0,1,0,2.0,0.0,4
E,2,0,1,0,0.0,0.0,3
EARN,1,2,1,2,1.0,2.0,9
EAT,1,0,1,1,1.0,1.0,5
EB,1,0,1,0,0.0,0.0,2
EBF,3,0,2,3,1.0,0.0,9
EBS,2,3,2,1,2.0,2.0,12
ECL,1,1,1,1,1.0,1.0,6
ECOM,2,2,2,2,2.0,3.0,13
ED,1,1,1,0,1.0,0.0,4
EDN,1,0,3,1,2.0,1.0,8
EDU,1,0,1,0,1.0,2.0,5
EEX,0,0,3,0,0.0,0.0,3
EFC,2,0,2,0,2.0,0.0,6
EFX,1,3,1,3,1.0,2.0,11
EGHT,2,1,1,3,0.0,0.0,7
EGO,0,3,0,3,1.0,1.0,8
EGY,1,0,1,0,1.0,0.0,3
EHC,1,0,1,0,1.0,1.0,4
EIG,2,1,2,1,2.0,0.0,8
EIX,1,1,1,2,2.0,1.0,8
EL,1,0,1,0,1.0,1.0,4
ELAN,1,2,1,2,0.0,0.0,6
ELS,1,0,1,0,3.0,1.0,6
ELVT,0,1,0,0,0.0,0.0,1
ELY,1,1,1,1,1.0,0.0,5
EME,1,1,1,1,1.0,0.0,5
EMN,1,0,1,0,1.0,0.0,3
EMR,1,0,1,0,1.0,0.0,3
ENB,2,1,1,1,2.0,1.0,8
ENBL,3,0,3,0,2.0,0.0,8
ENIA,1,0,3,0,2.0,0.0,6
ENIC,1,0,1,1,2.0,0.0,5
ENLC,1,0,1,0,1.0,0.0,3
ENR,2,1,1,1,2.0,0.0,7
ENS,3,3,3,2,2.0,1.0,14
ENV,1,2,1,2,3.0,0.0,9
ENVA,1,0,1,0,2.0,2.0,6
ENZ,0,2,1,0,2.0,1.0,6
EOG,1,0,1,0,2.0,0.0,4
EPAC,1,0,0,0,1.0,2.0,4
EPAM,3,0,3,0,1.0,2.0,9
EPC,0,0,1,0,1.0,2.0,4
EPD,3,0,1,0,1.0,0.0,5
EPR,2,0,2,1,0.0,0.0,5
EQC,1,0,1,0,2.0,0.0,4
EQH,0,0,1,2,0.0,,3
EQNR,1,0,1,0,0.0,0.0,2
EQR,0,1,0,1,2.0,1.0,5
EQT,3,0,3,0,2.0,0.0,8
ERF,1,0,1,0,0.0,0.0,2
ERJ,3,1,3,1,0.0,0.0,8
ES,1,3,1,2,1.0,2.0,10
ESE,1,1,1,1,2.0,2.0,8
ESI,1,0,1,2,1.0,1.0,6
ESNT,1,1,0,0,1.0,0.0,3
ESS,0,1,0,1,2.0,3.0,7
ESTC,1,0,1,0,0.0,0.0,2
ESTE,1,0,1,0,0.0,0.0,2
ET,1,0,1,0,2.0,0.0,4
ETH,1,0,1,0,1.0,0.0,3
ETM,1,0,1,0,0.0,0.0,2
ETN,1,0,1,0,1.0,1.0,4
ETR,1,1,1,0,0.0,0.0,3
ETRN,1,0,3,0,1.0,2.0,7
EV,2,0,3,2,2.0,0.0,9
EVC,1,2,3,2,3.0,0.0,11
EVH,1,2,1,0,0.0,0.0,4
EVR,2,2,2,2,2.0,2.0,12
EVRG,1,0,1,0,1.0,1.0,4
EVRI,1,1,1,1,2.0,0.0,6
EVTC,1,0,1,0,1.0,0.0,3
EW,1,1,1,1,1.0,1.0,6
EXPR,3,0,3,0,0.0,0.0,6
EXR,3,0,1,1,3.0,2.0,10
F,1,0,1,0,0.0,0.0,2
FAF,0,3,1,3,2.0,1.0,10
FBC,0,3,0,3,0.0,2.0,8
FBHS,1,3,1,3,1.0,3.0,12
FBK,2,2,2,2,2.0,0.0,10
FBP,2,1,2,1,2.0,0.0,8
FC,2,0,0,0,1.0,0.0,3
FCF,2,0,2,0,2.0,0.0,6
FCN,1,0,1,1,3.0,1.0,7
FCPT,1,1,1,1,1.0,2.0,7
FCX,0,2,1,0,1.0,2.0,6
FDP,0,1,2,0,0.0,1.0,4
FDS,1,1,0,0,1.0,1.0,4
FDX,0,2,0,0,1.0,2.0,5
FE,1,2,1,0,0.0,2.0,6
FENG,2,0,2,1,0.0,2.0,7
FET,1,0,2,0,0.0,0.0,3
FF,1,0,1,0,0.0,1.0,3
FFG,0,1,2,1,2.0,1.0,7
FHI,1,1,1,1,2.0,1.0,7
FHN,1,2,1,2,1.0,2.0,9
FI,2,0,2,0,0.0,0.0,4
FIX,0,0,0,0,0.0,2.0,2
FL,2,1,2,0,1.0,0.0,6
FLNG,3,0,3,0,2.0,,8
FLO,2,3,2,3,2.0,1.0,13
FLOW,0,0,1,0,1.0,2.0,4
FLR,1,2,0,0,1.0,0.0,4
FLT,3,0,1,1,1.0,1.0,7
FLY,2,1,2,1,0.0,0.0,6
FMC,2,0,2,0,0.0,2.0,6
FMS,0,1,0,1,0.0,2.0,4
FN,1,1,1,1,1.0,1.0,6
FND,1,1,1,0,1.0,1.0,5
FNF,2,3,2,3,2.0,1.0,13
FNV,1,1,1,1,1.0,1.0,6
FOE,3,0,1,0,1.0,2.0,7
FOR,1,3,1,1,1.0,2.0,9
FPH,2,1,2,1,1.0,1.0,8
FPI,2,0,3,0,0.0,2.0,7
FRC,1,2,1,2,0.0,2.0,8
FRO,0,1,0,1,0.0,1.0,3
FRT,1,0,1,0,2.0,1.0,5
FSK,2,1,2,1,1.0,0.0,7
FSLY,2,3,2,3,0.0,0.0,10
FSS,3,0,3,0,1.0,0.0,7
FTCH,1,3,3,1,0.0,0.0,8
FTI,0,1,1,1,0.0,0.0,3
FTK,0,0,1,0,0.0,0.0,1
FTS,2,1,3,1,3.0,1.0,11
FTV,1,1,1,1,2.0,2.0,8
FUL,1,0,1,0,0.0,0.0,2
FUN,0,1,1,1,0.0,1.0,4
G,1,1,1,1,1.0,0.0,5
GATX,1,3,1,1,1.0,1.0,8
GBX,0,0,0,1,0.0,0.0,1
GCI,3,3,3,3,0.0,0.0,12
GCO,0,0,2,0,3.0,1.0,6
GCP,1,0,1,0,1.0,1.0,4
GD,3,0,2,0,1.0,0.0,6
GDDY,1,0,1,0,1.0,1.0,4
GDOT,0,2,0,2,0.0,0.0,4
GE,3,0,3,0,2.0,2.0,10
GEF,1,1,1,1,1.0,0.0,5
GEL,0,0,1,0,0.0,1.0,2
GEO,1,1,0,1,0.0,1.0,4
GES,0,0,0,0,1.0,1.0,2
GFF,0,0,0,0,2.0,2.0,4
GFL,0,1,2,1,,,4
GGG,1,0,1,2,1.0,0.0,5
GHC,3,0,1,1,1.0,1.0,7
GHL,3,2,3,2,2.0,2.0,14
GHM,1,1,1,1,1.0,2.0,7
GIB,1,0,2,0,2.0,0.0,5
GIL,1,0,1,0,1.0,0.0,3
GIS,1,1,1,1,1.0,2.0,7
GL,1,1,2,1,3.0,1.0,9
GLOB,1,0,1,0,2.0,0.0,4
GLOG,2,0,2,0,2.0,0.0,6
GLP,2,0,1,0,0.0,2.0,5
GLT,3,1,1,0,1.0,2.0,8
GLW,1,0,1,0,1.0,0.0,3
GM,1,1,1,0,1.0,0.0,4
GME,3,0,3,0,0.0,0.0,6
GMED,1,0,1,0,1.0,0.0,3
GMS,0,1,0,1,0.0,0.0,2
GNE,1,3,1,3,1.0,2.0,11
GNK,1,0,1,0,0.0,0.0,2
GNL,1,1,2,0,0.0,1.0,5
GNRC,1,2,1,2,1.0,2.0,9
GOL,3,1,1,1,2.0,0.0,8
GOLD,1,3,1,1,1.0,1.0,8
GPC,1,0,1,1,1.0,0.0,4
GPI,1,1,1,0,1.0,3.0,7
GPK,2,0,1,2,0.0,0.0,5
GPMT,0,0,0,0,0.0,1.0,1
GPN,1,3,1,3,1.0,0.0,9
GPRK,1,0,1,0,0.0,0.0,2
GPS,2,1,0,0,1.0,0.0,4
GPX,3,1,1,1,2.0,2.0,10
GRA,3,0,3,0,1.0,0.0,7
GRC,1,0,1,0,1.0,0.0,3
GRUB,1,0,0,2,0.0,0.0,3
GS,2,2,2,2,1.0,2.0,11
GSBD,3,2,3,2,2.0,2.0,14
GSK,1,1,1,1,1.0,2.0,7
GSL,0,1,0,1,1.0,1.0,4
GSX,0,1,0,1,0.0,,2
GTES,1,0,1,0,1.0,1.0,4
GTN,1,1,1,1,1.0,2.0,7
GTS,0,1,0,1,2.0,1.0,5
GTT,1,1,1,1,0.0,0.0,4
GTY,1,2,0,2,3.0,3.0,11
GVA,0,2,0,0,2.0,0.0,4
GWB,2,0,2,0,2.0,1.0,7
GWRE,2,0,2,0,0.0,1.0,5
GWW,1,0,1,2,1.0,0.0,5
H,2,0,1,1,0.0,0.0,4
HAE,1,2,3,1,1.0,2.0,10
HAL,3,0,2,0,0.0,0.0,5
HASI,0,0,0,0,1.0,1.0,2
HBB,2,2,2,0,0.0,1.0,7
HBI,2,0,0,0,0.0,0.0,2
HBM,1,0,1,0,2.0,0.0,4
HCA,1,1,1,1,2.0,2.0,8
HCC,0,0,3,0,0.0,0.0,3
HCHC,0,1,1,0,0.0,0.0,2
HCI,2,0,2,3,0.0,0.0,7
HD,0,2,0,2,0.0,2.0,6
HE,1,0,1,0,0.0,0.0,2
HEI,1,0,1,0,3.0,0.0,5
HEP,1,0,1,0,2.0,1.0,5
HES,1,0,1,0,0.0,0.0,2
HEXO,1,1,2,1,0.0,0.0,5
HFC,2,0,1,0,0.0,0.0,3
HGV,1,0,1,0,0.0,0.0,2
HHC,2,1,2,1,1.0,1.0,8
HI,1,2,1,2,2.0,1.0,9
HIG,2,1,2,0,2.0,0.0,7
HII,1,2,3,0,1.0,2.0,9
HIL,3,1,2,0,2.0,2.0,10
HIW,0,3,0,1,3.0,2.0,9
HLF,1,2,1,2,0.0,2.0,8
HLI,3,1,3,1,3.0,2.0,13
HLT,1,0,1,0,0.0,1.0,3
HMC,1,0,1,0,1.0,0.0,3
HMLP,1,2,1,0,1.0,0.0,5
HMN,2,1,1,1,2.0,1.0,8
HNGR,2,1,1,1,2.0,1.0,8
HNI,1,0,1,0,0.0,1.0,3
HOG,1,0,1,0,1.0,0.0,3
HOME,2,2,2,2,2.0,0.0,10
HON,3,0,3,0,2.0,0.0,8
HOV,1,2,0,3,0.0,2.0,8
HP,2,0,2,0,0.0,0.0,4
HPE,1,0,0,0,1.0,0.0,2
HPP,2,1,2,1,0.0,0.0,6
HPQ,3,0,0,0,2.0,0.0,5
HPR,1,0,1,0,0.0,0.0,2
HR,0,2,1,2,0.0,2.0,7
HRB,0,0,2,0,0.0,0.0,2
HRC,2,2,2,0,2.0,2.0,10
HRI,1,0,1,0,1.0,2.0,5
HRL,1,2,3,2,1.0,0.0,9
HRTG,2,0,1,2,2.0,0.0,7
HT,0,1,1,1,0.0,0.0,3
HTA,1,2,1,2,2.0,2.0,10
HTH,0,3,0,3,0.0,3.0,9
HUBB,1,0,1,0,1.0,0.0,3
HUBS,1,0,1,0,0.0,0.0,2
HUM,0,2,1,3,0.0,1.0,7
HUN,1,0,1,0,3.0,3.0,8
HVT,1,0,1,0,2.0,2.0,6
HWM,2,1,2,1,3.0,0.0,9
HXL,2,1,2,0,1.0,1.0,7
HY,2,1,2,0,3.0,3.0,11
HZN,1,2,1,0,2.0,2.0,8
HZO,2,2,2,2,0.0,2.0,10
IAA,1,0,1,0,1.0,0.0,3
IAG,0,2,1,2,2.0,2.0,9
IBA,1,3,1,2,2.0,2.0,11
IBM,2,0,2,0,1.0,0.0,5
IBN,2,2,2,2,0.0,2.0,10
IBP,0,3,1,0,0.0,2.0,6
ICD,0,0,2,0,0.0,0.0,2
ICE,3,2,3,2,2.0,2.0,14
ICL,1,0,3,0,1.0,0.0,5
IDA,1,3,1,2,1.0,0.0,8
IDT,2,2,0,0,1.0,2.0,7
IEX,3,0,3,0,1.0,0.0,7
IFF,1,1,1,1,1.0,1.0,6
IFS,1,1,1,1,,,4
IGT,1,0,1,1,0.0,0.0,3
IHC,3,2,2,2,2.0,0.0,11
IIPR,1,1,1,1,1.0,0.0,5
IMAX,3,0,1,1,0.0,0.0,5
INFO,0,0,0,0,1.0,2.0,3
INFY,1,1,3,3,1.0,2.0,11
INGR,1,0,1,0,1.0,0.0,3
INN,1,0,1,0,0.0,0.0,2
INSP,1,0,1,0,0.0,0.0,2
INSW,0,1,0,1,0.0,0.0,2
INT,1,0,1,0,1.0,0.0,3
INVH,2,2,1,2,2.0,1.0,10
IO,2,1,2,0,0.0,0.0,5
IP,1,0,1,0,0.0,0.0,2
IPG,3,1,3,0,1.0,0.0,8
IPI,2,0,2,0,0.0,0.0,4
IQV,1,0,3,0,1.0,2.0,7
IR,0,2,2,2,3.0,0.0,9
IRM,1,0,1,0,1.0,2.0,5
IRS,2,2,2,2,1.0,2.0,11
IT,3,0,3,0,2.0,0.0,8
ITGR,3,0,2,0,1.0,0.0,6
ITT,1,0,3,0,0.0,0.0,4
ITW,1,0,1,0,1.0,0.0,3
IVC,3,0,1,0,0.0,0.0,4
IVR,1,1,1,1,1.0,1.0,6
IVZ,1,1,3,1,1.0,0.0,7
IX,1,0,3,0,2.0,0.0,6
J,1,0,1,0,2.0,1.0,5
JAX,1,0,1,0,0.0,2.0,4
JBGS,1,0,1,0,0.0,0.0,2
JBL,1,1,0,0,1.0,1.0,4
JBT,2,0,3,0,2.0,0.0,7
JCI,1,0,1,0,1.0,1.0,4
JEF,2,1,2,2,1.0,0.0,8
JHG,3,2,3,2,2.0,0.0,12
JHX,1,1,1,1,1.0,1.0,6
JILL,1,0,1,0,0.0,0.0,2
JKS,0,3,2,2,1.0,1.0,9
JLL,3,0,3,0,1.0,0.0,7
JMP,2,2,2,2,2.0,0.0,10
JNJ,1,0,1,2,0.0,0.0,4
JNPR,2,0,2,0,0.0,0.0,4
JP,2,0,2,0,0.0,0.0,4
JPM,1,0,1,0,1.0,0.0,3
JWN,1,0,1,0,1.0,0.0,3
K,0,2,2,2,0.0,2.0,8
KAI,3,0,3,0,1.0,2.0,9
KAR,1,0,1,1,1.0,0.0,4
KB,0,2,0,2,1.0,1.0,6
KBH,1,0,1,0,1.0,1.0,4
KBR,1,0,2,0,1.0,0.0,4
KEP,1,2,1,0,1.0,2.0,7
KEX,0,0,0,0,0.0,1.0,1
KEY,1,0,1,0,1.0,0.0,3
KEYS,1,0,1,0,0.0,1.0,3
KFS,1,1,3,1,0.0,0.0,6
KFY,1,0,1,0,1.0,2.0,5
KGC,0,3,0,3,2.0,1.0,9
KIM,1,0,1,0,2.0,2.0,6
KKR,0,1,0,1,2.0,1.0,5
KL,0,1,3,3,1.0,1.0,9
KMB,2,3,3,2,2.0,1.0,13
KMI,1,0,1,0,1.0,0.0,3
KMPR,2,1,1,1,0.0,1.0,6
KMT,3,0,3,0,2.0,0.0,8
KMX,2,1,0,1,0.0,0.0,4
KN,1,0,1,0,3.0,0.0,5
KNL,1,0,1,0,1.0,0.0,3
KNOP,0,0,0,0,1.0,2.0,3
KNX,1,2,1,0,1.0,2.0,7
KO,1,1,1,1,0.0,0.0,4
KODK,1,1,1,0,0.0,2.0,5
KOF,1,1,1,1,2.0,0.0,6
KOP,0,1,0,0,0.0,1.0,2
KOS,1,1,1,1,2.0,0.0,6
KR,2,3,2,3,0.0,2.0,12
KRA,2,0,3,0,0.0,0.0,5
KRC,1,3,1,1,1.0,0.0,7
KREF,0,0,0,0,0.0,0.0,0
KRO,2,0,1,1,2.0,0.0,6
KRP,1,0,1,0,0.0,0.0,2
KSS,2,0,2,0,2.0,0.0,6
KSU,1,1,1,1,1.0,2.0,7
KTB,1,0,1,0,1.0,0.0,3
KW,1,0,1,0,2.0,1.0,5
KWR,1,1,1,1,1.0,2.0,7
L,1,1,1,1,3.0,1.0,8
LAD,1,2,1,0,1.0,2.0,7
LADR,1,0,1,0,1.0,0.0,3
LAIX,1,0,1,0,0.0,,2
LB,2,2,2,0,1.0,0.0,7
LC,1,0,1,0,0.0,0.0,2
LCI,0,0,2,0,0.0,0.0,2
LCII,1,2,1,2,1.0,2.0,9
LDL,1,0,1,0,2.0,0.0,4
LDOS,1,2,1,3,2.0,0.0,9
LEA,1,0,1,0,1.0,0.0,3
LEAF,0,2,0,2,1.0,0.0,5
LEE,2,2,2,2,2.0,0.0,10
LEG,1,1,1,1,1.0,1.0,6
LEN,0,1,1,0,2.0,2.0,6
LFT,0,1,0,1,1.0,2.0,5
LH,1,2,1,2,1.0,2.0,9
LHX,3,1,3,1,1.0,1.0,10
LII,0,0,0,0,0.0,0.0,0
LIN,1,1,1,1,1.0,2.0,7
LL,1,2,1,0,1.0,3.0,8
LLY,3,2,3,2,2.0,0.0,12
LMND,1,0,2,0,,,3
LMT,2,0,2,1,3.0,0.0,8
LNC,1,0,1,0,1.0,0.0,3
LND,0,0,0,1,0.0,0.0,1
LNN,0,2,0,2,0.0,2.0,6
LOW,0,2,0,2,2.0,1.0,7
LPG,2,2,2,2,2.0,2.0,12
LPI,1,0,1,0,0.0,0.0,2
LPL,1,2,1,2,2.0,0.0,8
LRN,1,1,1,1,1.0,0.0,5
LSPD,1,2,3,3,0.0,,9
LTC,1,1,1,1,1.0,2.0,7
LUB,1,0,1,0,1.0,0.0,3
LUMN,0,0,0,0,0.0,0.0,0
LUV,0,0,1,0,0.0,0.0,1
LW,1,1,1,1,1.0,0.0,5
LXFR,2,0,1,0,2.0,2.0,7
LXU,0,2,2,0,0.0,0.0,4
LYB,3,0,1,0,2.0,0.0,6
LYV,1,0,1,0,0.0,0.0,2
LZB,1,1,1,1,1.0,2.0,7
M,1,0,2,0,2.0,0.0,5
MA,1,0,1,0,3.0,0.0,5
MAA,2,1,1,1,2.0,1.0,8
MAC,1,0,3,0,0.0,1.0,5
MAIN,2,0,2,0,0.0,0.0,4
MAN,1,0,1,0,3.0,0.0,5
MANU,1,1,3,1,2.0,1.0,9
MAS,1,2,1,2,1.0,2.0,9
MATX,1,2,1,2,0.0,2.0,8
MAXR,0,2,2,2,0.0,3.0,9
MBI,1,1,2,1,0.0,0.0,5
MBT,1,0,1,0,1.0,1.0,4
MC,3,2,3,2,1.0,2.0,13
MCB,0,0,0,0,2.0,2.0,4
MCD,1,1,1,1,1.0,0.0,5
MCK,1,1,1,2,1.0,2.0,8
MCO,0,3,0,3,0.0,2.0,8
MCS,1,0,1,1,0.0,0.0,3
MCY,2,1,2,1,2.0,1.0,9
MDC,2,2,2,2,2.0,2.0,12
MDLA,3,1,3,1,0.0,,8
MDLY,0,0,2,0,0.0,0.0,2
MDP,3,1,3,1,3.0,0.0,11
MDU,0,1,1,1,0.0,1.0,4
MED,1,0,1,0,1.0,0.0,3
MEI,1,1,1,0,1.0,1.0,5
MET,1,0,3,0,1.0,0.0,5
MFA,0,1,0,1,0.0,1.0,3
MFC,2,1,2,1,1.0,0.0,7
MGA,1,0,1,0,1.0,0.0,3
MGM,1,1,1,1,0.0,1.0,5
MGP,2,1,0,0,0.0,0.0,3
MHK,1,0,1,0,1.0,0.0,3
MHO,0,2,0,2,0.0,2.0,6
MITT,2,1,2,1,1.0,1.0,8
MIXT,1,1,1,1,2.0,0.0,6
MKC,1,2,1,2,0.0,2.0,8
MKL,2,1,2,1,2.0,1.0,9
MLI,1,1,1,0,1.0,2.0,6
MLM,0,1,0,1,0.0,1.0,3
MLP,3,1,2,1,0.0,0.0,7
MLR,3,0,1,0,3.0,0.0,7
MMC,2,1,2,1,2.0,2.0,10
MMP,1,0,1,0,1.0,0.0,3
MMS,0,1,0,1,2.0,1.0,5
MN,2,0,1,0,1.0,0.0,4
MNR,1,0,3,0,2.0,0.0,6
MO,1,3,1,3,2.0,2.0,12
MOD,1,0,1,0,1.0,1.0,4
MODN,2,2,2,2,0.0,0.0,8
MOH,0,2,1,2,0.0,0.0,5
MOS,0,2,1,0,2.0,2.0,7
MOV,1,0,1,0,1.0,0.0,3
MPLX,1,0,1,0,0.0,0.0,2
MPW,1,2,1,2,0.0,0.0,6
MRC,1,0,0,0,0.0,0.0,1
MRK,1,1,1,1,0.0,0.0,4
MRO,1,0,1,0,0.0,0.0,2
MS,2,2,2,2,2.0,2.0,12
MSA,2,0,2,0,0.0,0.0,4
MSB,1,0,1,0,1.0,0.0,3
MSC,2,1,3,1,0.0,1.0,8
MSCI,1,0,3,2,1.0,0.0,7
MSGE,0,0,1,0,0.0,,1
MSGN,0,1,1,1,2.0,2.0,7
MSGS,1,0,1,1,0.0,0.0,3
MSI,3,0,3,0,3.0,2.0,11
MSM,2,0,2,0,0.0,0.0,4
MT,1,2,1,0,2.0,0.0,6
MTB,1,0,1,0,1.0,0.0,3
MTD,3,2,1,2,2.0,0.0,10
MTDR,1,0,1,0,0.0,0.0,2
MTG,1,0,3,1,1.0,0.0,6
MTH,2,2,2,2,2.0,2.0,12
MTN,2,1,3,1,2.0,0.0,9
MTOR,1,0,1,0,3.0,1.0,6
MTR,2,0,2,0,0.0,0.0,4
MTW,1,0,3,0,2.0,1.0,7
MTX,3,0,3,0,1.0,0.0,7
MTZ,1,1,0,0,1.0,1.0,4
MUFG,0,0,0,0,0.0,0.0,0
MUR,1,1,1,1,0.0,0.0,4
MUSA,0,3,1,0,0.0,2.0,6
MUX,0,0,1,0,0.0,0.0,1
MWA,1,1,1,0,1.0,2.0,6
MX,2,3,3,1,1.0,2.0,12
MXL,1,2,1,2,0.0,0.0,6
MYE,1,2,1,0,1.0,1.0,6
NAV,1,0,1,0,0.0,0.0,2
NBHC,1,2,1,2,1.0,0.0,7
NBR,2,0,2,0,0.0,0.0,4
NC,1,0,0,0,1.0,0.0,2
NCLH,0,0,2,0,0.0,0.0,2
NCR,1,1,1,1,0.0,1.0,5
NEE,1,1,1,1,0.0,0.0,4
NEM,1,3,1,1,1.0,1.0,8
NEP,0,3,0,1,2.0,0.0,6
NEU,1,1,1,0,1.0,0.0,4
NEW,1,0,1,0,1.0,,3
NEWR,0,1,1,1,0.0,0.0,3
NEX,2,0,2,0,0.0,0.0,4
NEXA,1,2,1,0,0.0,0.0,4
NFG,2,1,2,1,2.0,0.0,8
NGL,1,2,1,1,0.0,1.0,6
NGS,0,1,2,1,0.0,2.0,6
NGVC,3,2,2,2,0.0,2.0,11
NGVT,1,0,1,0,1.0,0.0,3
NI,2,1,2,0,2.0,1.0,8
NINE,0,0,2,0,0.0,0.0,2
NKE,0,1,0,1,2.0,1.0,5
NL,2,0,1,0,2.0,1.0,6
NLS,1,2,1,2,1.0,2.0,9
NLSN,1,0,3,0,3.0,0.0,7
NLY,0,2,0,2,0.0,0.0,4
NM,3,1,3,0,0.0,0.0,7
NMM,1,2,1,2,1.0,0.0,7
NMR,2,2,2,2,2.0,2.0,12
NNA,0,2,1,2,1.0,0.0,6
NNI,0,2,0,2,2.0,2.0,8
NNN,2,1,2,1,1.0,0.0,7
NOA,3,1,3,1,2.0,0.0,10
NOAH,1,0,1,0,0.0,0.0,2
NOC,2,0,2,0,0.0,2.0,6
NOMD,2,2,2,2,2.0,2.0,12
NOV,1,0,0,0,0.0,0.0,1
NOVA,0,0,0,0,0.0,0.0,0
NOW,3,0,3,0,2.0,1.0,9
NPK,2,2,2,2,1.0,3.0,12
NPO,1,0,1,0,0.0,3.0,5
NPTN,0,1,0,1,0.0,0.0,2
NR,2,0,2,0,0.0,0.0,4
NRG,0,0,1,0,0.0,1.0,2
NRP,2,1,2,1,0.0,1.0,7
NRT,0,1,0,1,0.0,1.0,3
NRZ,0,0,0,1,1.0,0.0,2
NS,1,1,1,0,0.0,0.0,3
NSA,3,0,1,0,0.0,2.0,6
NSC,1,0,1,0,1.0,1.0,4
NSCO,2,0,3,2,1.0,0.0,8
NSP,0,2,3,0,0.0,0.0,5
NTB,1,0,1,0,2.0,0.0,4
NTCO,1,2,1,2,,,6
NTP,2,3,3,3,0.0,2.0,13
NTR,2,0,0,2,2.0,0.0,6
NTZ,2,0,2,0,0.0,1.0,5
NUE,3,0,1,0,2.0,0.0,6
NUS,0,2,0,2,0.0,1.0,5
NVGS,2,2,2,2,1.0,0.0,9
NVO,3,1,3,1,1.0,2.0,11
NVR,1,0,1,0,1.0,0.0,3
NVRO,1,0,1,0,0.0,0.0,2
NVS,1,1,1,0,3.0,0.0,6
NVST,1,0,1,0,3.0,0.0,5
NVT,1,0,1,0,2.0,1.0,5
NVTA,1,0,1,0,0.0,0.0,2
NWHM,1,0,1,1,1.0,0.0,4
NWN,2,1,2,1,2.0,2.0,10
NX,1,1,1,0,1.0,2.0,6
NXRT,1,1,1,1,1.0,1.0,6
NYC,0,1,0,1,0.0,0.0,2
NYCB,2,2,2,2,3.0,2.0,13
NYT,3,1,3,0,1.0,0.0,8
O,2,1,2,1,2.0,0.0,8
OC,1,2,1,0,1.0,0.0,5
OCFT,0,0,2,0,,,2
OCN,1,1,1,1,0.0,0.0,4
ODC,1,2,1,1,1.0,1.0,7
OEC,1,0,1,0,1.0,0.0,3
OGE,1,1,1,0,0.0,1.0,4
OGS,2,1,2,0,2.0,1.0,8
OHI,2,0,2,1,2.0,0.0,7
OI,1,0,1,0,1.0,2.0,5
OII,2,2,1,1,0.0,0.0,6
OIS,2,0,2,0,0.0,0.0,4
OKE,1,0,1,0,0.0,0.0,2
OLN,1,0,1,0,0.0,0.0,2
OLP,1,1,1,1,2.0,0.0,6
OMC,1,0,3,0,1.0,0.0,5
OMF,1,1,1,1,1.0,0.0,5
OMI,1,3,1,0,1.0,2.0,8
ONTO,2,2,2,3,2.0,2.0,13
OOMA,1,1,1,1,0.0,0.0,4
OPY,2,3,2,3,2.0,3.0,15
ORA,2,2,2,0,2.0,0.0,8
ORC,0,1,0,1,0.0,1.0,3
ORCC,2,0,2,0,0.0,1.0,5
ORCL,1,0,1,0,3.0,1.0,6
ORI,2,1,2,1,2.0,1.0,9
ORN,1,1,0,1,1.0,2.0,6
OSB,2,0,2,0,1.0,2.0,7
OSG,0,3,0,2,0.0,0.0,5
OSH,1,1,2,1,,,5
OSK,1,0,1,0,1.0,0.0,3
OTIS,1,1,1,0,0.0,,3
OUT,1,1,1,1,0.0,1.0,5
OVV,1,0,1,0,0.0,0.0,2
OXM,2,0,2,0,0.0,1.0,5
OXY,1,0,1,0,0.0,0.0,2
PAC,1,0,1,0,2.0,1.0,5
PACK,3,2,3,2,0.0,1.0,11
PAG,1,0,1,0,1.0,2.0,5
PAGS,1,1,1,0,0.0,0.0,3
PAM,1,0,1,0,2.0,2.0,6
PANW,2,1,2,0,0.0,0.0,5
PAR,1,2,1,2,0.0,0.0,6
PARR,0,1,1,1,0.0,0.0,3
PAYC,3,1,3,0,0.0,1.0,8
PB,3,3,3,3,2.0,2.0,16
PBA,3,0,1,0,1.0,0.0,5
PBF,0,0,1,0,0.0,1.0,2
PBFX,0,3,2,1,1.0,2.0,9
PBH,1,2,1,0,0.0,2.0,6
PBI,3,0,3,2,1.0,0.0,9
PBT,2,0,2,0,0.0,0.0,4
PCG,2,2,1,3,3.0,0.0,11
PD,3,0,3,0,0.0,,6
PDM,0,1,0,1,2.0,1.0,5
PDS,2,0,2,0,0.0,1.0,5
PEAK,0,1,1,3,2.0,2.0,9
PEG,1,1,1,0,1.0,1.0,5
PEI,3,0,1,0,0.0,0.0,4
PEN,1,0,1,0,2.0,1.0,5
PFGC,1,3,1,3,2.0,0.0,10
PFS,1,1,1,1,1.0,0.0,5
PFSI,1,1,1,1,1.0,3.0,8
PG,1,3,1,2,1.0,2.0,10
PGR,2,1,2,1,2.0,0.0,8
PGTI,1,2,1,2,1.0,2.0,9
PH,3,0,3,0,3.0,1.0,10
PHI,0,3,1,3,2.0,0.0,9
PHM,0,2,1,2,0.0,2.0,7
PHX,1,0,1,0,0.0,0.0,2
PII,1,0,1,0,1.0,0.0,3
PINE,1,2,1,2,,,6
PING,3,1,3,1,0.0,0.0,8
PINS,1,2,1,0,2.0,0.0,6
PIPR,2,3,2,3,1.0,0.0,11
PJT,1,3,1,3,1.0,2.0,11
PK,0,1,1,1,0.0,0.0,3
PKE,0,1,2,1,0.0,1.0,5
PKG,1,0,1,0,1.0,0.0,3
PKI,2,2,2,2,2.0,2.0,12
PKX,1,0,3,0,2.0,0.0,6
PLAN,3,0,1,1,0.0,0.0,5
PLD,2,3,2,3,0.0,0.0,10
PLNT,1,1,1,0,2.0,0.0,5
PLOW,2,1,2,0,1.0,1.0,7
PLT,3,1,3,1,2.0,0.0,10
PLYM,3,0,3,0,0.0,0.0,6
PM,1,0,1,0,1.0,2.0,5
PMT,0,1,0,1,0.0,0.0,2
PNC,1,1,1,1,0.0,3.0,7
PNM,1,3,1,3,0.0,2.0,10
PNW,0,2,0,2,0.0,1.0,5
POR,2,1,1,1,2.0,0.0,7
POST,3,0,1,2,0.0,0.0,6
PPG,1,1,1,0,1.0,0.0,4
PPL,1,1,1,0,0.0,0.0,3
PRA,1,0,0,1,2.0,0.0,4
PRG,1,2,1,3,0.0,0.0,7
PRGO,2,2,2,3,0.0,0.0,9
PRI,1,0,1,0,0.0,1.0,3
PRLB,1,0,1,0,1.0,0.0,3
PRMW,1,3,1,3,1.0,0.0,9
PRO,0,1,0,1,0.0,0.0,2
PROS,2,0,2,0,0.0,0.0,4
PRSP,1,1,1,1,1.0,,5
PRTY,1,0,1,0,2.0,0.0,4
PRU,1,1,1,0,1.0,1.0,5
PSB,3,1,1,1,1.0,2.0,9
PSN,2,0,1,0,0.0,0.0,3
PSTG,2,0,2,0,0.0,0.0,4
PSTL,3,3,3,3,2.0,,14
PSX,1,0,1,0,0.0,0.0,2
PSXP,1,0,1,0,0.0,0.0,2
PUMP,2,0,1,0,0.0,0.0,3
PVG,0,2,2,2,0.0,0.0,6
PVH,0,0,1,0,1.0,0.0,2
PXD,1,0,1,0,0.0,0.0,2
QD,0,1,0,0,3.0,2.0,6
QEP,1,0,1,0,0.0,2.0,4
QGEN,2,2,2,2,2.0,2.0,12
QSR,1,0,1,0,1.0,0.0,3
QTS,2,2,1,3,0.0,0.0,8
QTWO,0,1,1,1,0.0,0.0,3
QUAD,3,0,3,0,1.0,0.0,7
QUOT,1,0,1,0,0.0,0.0,2
R,2,0,1,0,1.0,0.0,4
RACE,1,1,1,1,1.0,0.0,5
RAD,2,2,2,3,2.0,0.0,11
RAMP,3,2,3,3,0.0,1.0,12
RBA,2,2,2,0,2.0,0.0,8
RBC,1,0,1,0,1.0,0.0,3
RC,0,2,0,3,0.0,0.0,5
RCI,1,0,1,0,1.0,0.0,3
RCL,0,1,2,1,0.0,0.0,4
RDN,1,1,0,1,1.0,0.0,4
RDY,0,3,1,3,1.0,1.0,9
RE,0,1,0,3,0.0,1.0,5
RES,3,0,1,0,0.0,0.0,4
REV,3,0,1,0,0.0,0.0,4
REVG,0,0,0,0,0.0,0.0,0
REX,1,2,1,0,1.0,0.0,5
REXR,3,0,3,0,1.0,1.0,8
REZI,1,1,1,0,1.0,0.0,4
RF,1,0,1,0,1.0,0.0,3
RFL,0,1,0,1,0.0,0.0,2
RFP,1,2,1,0,1.0,2.0,7
RGA,0,1,2,1,0.0,1.0,5
RGR,1,2,3,2,1.0,2.0,11
RGS,1,0,1,0,0.0,0.0,2
RH,0,2,0,3,2.0,0.0,7
RHI,1,0,3,0,1.0,0.0,5
RHP,2,1,1,1,0.0,0.0,5
RIG,0,2,0,0,1.0,0.0,3
RJF,1,0,1,0,3.0,0.0,5
RKT,2,3,2,3,,,10
RL,1,1,1,1,2.0,0.0,6
RLGY,1,0,1,2,1.0,0.0,5
RLJ,0,0,1,0,0.0,0.0,1
RM,1,1,3,1,0.0,1.0,7
RNG,3,0,3,1,0.0,0.0,7
RNGR,1,0,3,0,0.0,1.0,5
RNR,2,0,2,1,2.0,1.0,8
ROG,1,1,1,0,2.0,2.0,7
ROK,1,0,1,0,2.0,3.0,7
ROL,0,1,0,1,0.0,2.0,4
ROP,3,0,3,0,3.0,1.0,10
RPAI,1,1,1,0,2.0,0.0,5
RPM,0,1,0,0,0.0,2.0,3
RPT,1,0,1,0,0.0,1.0,3
RRC,1,0,3,0,2.0,0.0,6
RS,1,0,1,0,2.0,1.0,5
RSG,3,1,1,1,1.0,1.0,8
RTX,2,1,2,1,1.0,0.0,7
RVLV,1,0,1,0,0.0,2.0,4
RWT,0,1,0,1,0.0,1.0,3
RY,2,1,2,1,2.0,0.0,8
RYAM,1,2,3,0,1.0,2.0,9
RYB,2,2,2,2,0.0,0.0,8
RYI,1,0,1,0,0.0,0.0,2
RYN,2,2,3,2,2.0,0.0,11
SAFE,3,0,3,0,1.0,0.0,7
SAH,1,1,1,1,0.0,1.0,5
SAIC,0,1,1,1,0.0,1.0,4
SAIL,2,2,2,2,0.0,0.0,8
SAM,0,3,0,3,0.0,3.0,9
SAN,1,1,1,1,2.0,0.0,6
SAND,1,1,3,1,2.0,1.0,9
SAP,2,1,2,1,1.0,2.0,9
SAR,1,1,1,1,1.0,2.0,7
SAVE,0,1,1,0,0.0,1.0,3
SBH,1,0,1,0,1.0,0.0,3
SBOW,1,0,1,0,2.0,1.0,5
SBR,0,0,0,0,0.0,0.0,0
SBS,2,0,2,1,1.0,1.0,7
SC,1,1,1,1,1.0,1.0,6
SCCO,1,2,1,2,1.0,2.0,9
SCI,0,2,1,2,2.0,2.0,9
SCL,0,2,2,2,0.0,2.0,8
SCM,1,0,1,0,2.0,0.0,4
SCS,2,1,2,0,1.0,3.0,9
SCU,2,2,2,3,3.0,1.0,13
SCX,1,0,1,1,1.0,1.0,5
SD,1,0,1,0,2.0,0.0,4
SE,1,1,1,1,0.0,0.0,4
SEAS,3,0,1,0,0.0,0.0,4
SEE,3,0,3,2,1.0,3.0,12
SEM,1,0,1,0,1.0,3.0,6
SF,3,3,3,3,2.0,0.0,14
SFUN,2,2,0,0,1.0,0.0,5
SHAK,1,0,1,1,0.0,0.0,3
SHG,1,1,1,1,2.0,1.0,7
SHLX,2,1,2,0,0.0,0.0,5
SHO,0,0,1,0,0.0,0.0,1
SHOP,2,2,2,2,1.0,2.0,11
SHW,0,0,1,2,0.0,1.0,4
SI,2,0,2,0,1.0,,5
SIG,1,1,3,0,2.0,2.0,9
SII,0,2,0,2,0.0,,4
SITC,3,0,2,0,1.0,0.0,6
SITE,0,3,0,2,0.0,2.0,7
SIX,1,0,1,0,0.0,0.0,2
SJI,0,2,1,0,2.0,0.0,5
SJM,1,3,1,1,2.0,2.0,10
SJR,1,2,1,0,0.0,1.0,5
SJW,0,3,0,3,0.0,2.0,8
SKM,1,2,0,1,1.0,2.0,7
SKT,1,0,1,0,1.0,1.0,4
SKX,1,0,1,1,1.0,0.0,4
SLB,1,0,2,0,2.0,0.0,5
SLCA,1,0,3,0,2.0,0.0,6
SLF,1,0,2,1,1.0,0.0,5
SLG,2,0,2,0,2.0,2.0,8
SM,1,0,1,0,0.0,0.0,2
SMAR,2,0,3,0,0.0,0.0,5
SMFG,0,0,0,0,0.0,0.0,0
SMG,0,3,0,3,2.0,1.0,9
SMHI,0,0,1,0,0.0,0.0,1
SMLP,2,0,2,0,2.0,2.0,8
SMP,1,1,1,1,1.0,1.0,6
SNA,1,0,1,0,1.0,0.0,3
SNAP,1,0,1,3,0.0,0.0,5
SNDR,3,0,3,0,2.0,2.0,10
SNX,1,1,0,1,1.0,1.0,5
SO,1,2,1,0,1.0,0.0,5
SOGO,0,1,0,0,0.0,0.0,1
SOI,1,0,1,0,0.0,0.0,2
SON,3,0,1,0,1.0,0.0,5
SPB,1,2,1,2,2.0,0.0,8
SPG,2,0,2,0,2.0,0.0,6
SPGI,0,3,2,3,0.0,2.0,10
SPH,2,0,2,0,2.0,0.0,6
SPOT,3,0,3,1,0.0,0.0,7
SPR,0,0,1,1,0.0,0.0,2
SPXC,2,2,2,2,2.0,2.0,12
SQ,1,2,1,2,3.0,1.0,10
SQM,2,0,2,0,1.0,0.0,5
SQNS,2,2,0,2,0.0,0.0,6
SR,2,3,2,0,2.0,0.0,9
SRC,2,1,2,1,1.0,0.0,7
SRE,2,1,3,1,2.0,0.0,9
SRG,1,0,1,0,0.0,0.0,2
SRI,1,0,1,0,1.0,0.0,3
SRLP,1,0,3,0,1.0,2.0,7
SSD,1,2,0,2,0.0,2.0,7
SSTK,1,2,3,0,0.0,2.0,8
ST,1,0,1,0,1.0,0.0,3
STAG,2,2,2,2,3.0,2.0,13
STAR,1,2,1,2,0.0,1.0,7
STC,1,3,2,3,0.0,3.0,12
STE,1,3,1,3,1.0,2.0,11
STG,1,0,3,0,0.0,,4
STL,0,0,0,0,0.0,0.0,0
STM,1,2,1,2,1.0,2.0,9
STN,0,1,0,1,0.0,1.0,3
STNG,0,1,0,3,0.0,2.0,6
STON,1,2,1,2,0.0,0.0,6
STOR,1,1,1,1,1.0,0.0,5
STT,2,0,2,0,0.0,2.0,6
STWD,1,0,3,0,0.0,1.0,5
STZ,1,0,1,1,1.0,0.0,4
SU,1,0,1,0,0.0,0.0,2
SUI,1,0,1,0,0.0,0.0,2
SUM,0,1,0,0,0.0,3.0,4
SUN,0,1,1,0,0.0,1.0,3
SUP,1,0,1,0,1.0,0.0,3
SUPV,2,1,2,1,1.0,0.0,7
SWK,1,2,1,0,0.0,1.0,5
SWN,1,0,3,0,2.0,1.0,7
SWX,2,3,3,0,2.0,1.0,11
SXC,2,0,2,1,0.0,2.0,7
SXI,1,0,1,1,1.0,1.0,5
SXT,1,2,3,2,0.0,2.0,10
SYF,1,1,1,1,1.0,0.0,5
SYK,1,1,1,1,1.0,0.0,5
SYX,1,2,1,2,1.0,1.0,8
SYY,1,0,1,0,1.0,0.0,3
T,2,0,3,0,1.0,0.0,6
TAC,0,1,1,1,0.0,1.0,4
TAK,2,3,2,3,2.0,0.0,12
TAL,1,1,1,0,0.0,1.0,4
TALO,1,0,1,0,0.0,0.0,2
TAP,0,1,0,0,0.0,0.0,1
TARO,1,0,1,1,1.0,1.0,5
TBI,1,0,1,0,1.0,0.0,3
TCI,2,2,2,2,1.0,2.0,11
TCP,1,2,1,2,1.0,1.0,8
TCS,1,1,1,0,1.0,0.0,4
TD,1,0,1,0,1.0,2.0,5
TDC,2,2,2,0,2.0,2.0,10
TDG,1,1,1,1,1.0,0.0,5
TDOC,2,2,2,2,0.0,0.0,8
TDS,1,0,1,1,1.0,2.0,6
TECK,1,0,1,0,1.0,0.0,3
TEF,3,1,1,0,2.0,2.0,9
TEL,1,0,1,0,1.0,0.0,3
TEN,1,1,1,1,2.0,0.0,6
TEO,2,0,2,0,0.0,0.0,4
TEVA,3,2,3,0,2.0,0.0,10
TEX,1,0,1,0,3.0,0.0,5
TFC,2,3,2,3,1.0,0.0,11
TFII,0,2,1,0,,,3
TFX,1,0,3,0,1.0,1.0,6
TGH,3,0,3,0,1.0,2.0,9
TGI,2,2,0,1,0.0,0.0,5
TGNA,1,2,1,2,1.0,2.0,9
TGP,2,1,2,0,1.0,1.0,7
TGS,2,2,3,2,0.0,0.0,9
TGT,2,3,2,3,2.0,3.0,15
THC,1,1,1,1,2.0,2.0,8
THG,2,1,2,1,2.0,0.0,8
THO,2,2,0,2,2.0,2.0,10
THR,3,0,3,1,3.0,1.0,11
THS,2,2,3,2,1.0,2.0,12
TIMB,3,0,3,1,2.0,0.0,9
TISI,1,0,1,0,0.0,0.0,2
TJX,0,1,1,0,1.0,0.0,3
TK,0,1,0,1,1.0,0.0,3
TKC,1,0,1,0,2.0,1.0,5
TKR,1,0,1,0,1.0,0.0,3
TLK,0,2,2,2,0.0,2.0,8
TLYS,2,1,2,0,1.0,1.0,7
TM,1,0,1,0,1.0,2.0,5
TME,1,0,2,0,3.0,,6
TMHC,1,3,0,3,0.0,1.0,8
TMO,3,2,3,2,1.0,2.0,13
TMST,2,0,1,0,0.0,0.0,3
TMX,0,3,0,1,2.0,1.0,7
TNC,1,0,1,0,0.0,0.0,2
TNET,2,2,3,1,0.0,3.0,11
TNK,0,1,0,0,0.0,2.0,3
TOL,1,0,1,0,1.0,0.0,3
TOT,3,0,1,0,3.0,0.0,7
TPB,2,2,2,2,2.0,2.0,12
TPC,1,2,1,2,1.0,2.0,9
TPH,2,2,2,2,2.0,2.0,12
TPL,1,0,1,0,2.0,0.0,4
TPR,1,0,1,0,1.0,1.0,4
TPVG,2,2,2,2,0.0,0.0,8
TPX,1,3,1,3,1.0,3.0,12
TR,1,1,1,1,1.0,1.0,6
TRC,1,0,1,0,1.0,0.0,3
TREC,1,1,3,0,1.0,2.0,8
TREX,2,2,0,2,0.0,2.0,8
TRGP,1,2,1,0,0.0,0.0,4
TRI,3,3,3,1,3.0,0.0,13
TRNO,1,0,3,0,0.0,2.0,6
TROX,3,0,1,1,1.0,2.0,8
TRP,3,0,1,0,2.0,2.0,8
TRQ,2,0,2,0,1.0,2.0,7
TRTN,3,0,3,0,2.0,1.0,9
TRTX,0,1,0,1,0.0,1.0,3
TRU,1,0,1,0,1.0,1.0,4
TRV,1,0,1,0,1.0,0.0,3
TS,2,0,2,0,2.0,0.0,6
TSE,1,0,1,0,1.0,0.0,3
TSM,1,2,1,2,3.0,2.0,11
TSN,0,2,1,1,0.0,2.0,6
TSQ,1,1,1,1,2.0,0.0,6
TT,0,1,0,1,0.0,1.0,3
TTI,0,0,0,1,0.0,0.0,1
TU,1,1,1,2,1.0,0.0,6
TUFN,2,0,3,0,0.0,0.0,5
TUP,1,0,1,0,0.0,2.0,4
TV,3,0,3,0,2.0,0.0,8
TWI,2,0,3,0,0.0,0.0,5
TWLO,3,1,3,1,0.0,0.0,8
TWO,2,1,2,1,1.0,1.0,8
TWTR,3,0,3,0,3.0,0.0,9
TX,3,0,1,0,2.0,2.0,8
TXT,1,0,3,0,1.0,0.0,5
TYL,1,1,1,1,2.0,2.0,8
UA,1,0,1,0,3.0,1.0,6
UAA,1,0,1,0,3.0,1.0,6
UAN,2,1,2,1,0.0,0.0,6
UBA,1,0,1,0,2.0,0.0,4
UBER,1,0,1,0,0.0,0.0,2
UBP,1,0,1,0,2.0,0.0,4
UBS,1,2,1,2,1.0,2.0,9
UE,3,0,3,0,2.0,0.0,8
UFI,1,0,1,0,3.0,0.0,5
UFS,1,0,1,0,0.0,0.0,2
UGI,2,2,2,0,2.0,2.0,10
UGP,1,0,1,0,2.0,2.0,6
UHS,2,1,1,1,2.0,3.0,10
UHT,1,0,1,0,1.0,2.0,5
UI,1,1,1,0,1.0,1.0,5
UIS,1,0,3,0,0.0,2.0,6
UMC,2,2,0,2,1.0,2.0,9
UMH,0,2,1,0,2.0,1.0,6
UNF,0,0,1,1,0.0,0.0,2
UNFI,2,1,2,1,2.0,0.0,8
UNH,2,2,1,0,0.0,1.0,6
UNM,0,1,2,3,0.0,1.0,7
UNP,1,0,1,0,1.0,1.0,4
UPS,0,1,2,2,0.0,0.0,5
URI,1,0,1,0,2.0,1.0,5
USB,1,0,1,0,1.0,0.0,3
USDP,1,2,1,2,1.0,0.0,7
USFD,1,1,1,1,0.0,0.0,4
USM,1,0,1,0,1.0,2.0,5
USNA,1,2,1,2,3.0,2.0,11
USX,2,2,3,2,0.0,2.0,11
UTI,1,1,1,1,1.0,2.0,7
UTL,2,1,3,0,2.0,1.0,9
UVE,0,0,1,3,0.0,0.0,4
UVV,3,1,3,1,3.0,0.0,11
V,3,0,3,0,2.0,0.0,8
VAC,1,1,1,1,0.0,1.0,5
VALE,1,2,1,2,1.0,2.0,9
VAPO,2,3,2,2,0.0,0.0,9
VAR,1,0,1,0,0.0,1.0,3
VCRA,0,2,0,2,1.0,0.0,5
VEC,1,0,1,0,1.0,2.0,5
VEDL,2,0,1,0,2.0,1.0,6
VEEV,1,3,1,3,2.0,0.0,10
VEL,3,0,3,0,2.0,,8
VER,1,0,1,0,1.0,2.0,5
VGR,1,3,1,2,0.0,1.0,8
VHC,1,3,1,3,0.0,0.0,8
VHI,0,0,3,1,2.0,0.0,6
VICI,1,2,1,2,0.0,2.0,8
VIPS,2,1,2,0,1.0,1.0,7
VIV,3,0,1,1,1.0,0.0,6
VLO,2,0,1,0,0.0,0.0,3
VLRS,3,1,1,1,0.0,1.0,7
VMC,0,1,0,0,0.0,1.0,2
VMI,3,2,3,2,1.0,1.0,12
VMW,2,0,2,0,2.0,1.0,7
VNCE,2,1,2,1,2.0,2.0,10
VNE,1,0,1,0,0.0,0.0,2
VNO,3,0,1,0,1.0,1.0,6
VNTR,2,0,1,0,0.0,0.0,3
VOYA,2,0,1,1,2.0,0.0,6
VPG,1,0,1,0,2.0,0.0,4
VRTV,1,0,1,0,1.0,2.0,5
VSH,1,0,1,0,1.0,0.0,3
VST,1,0,1,0,0.0,1.0,3
VSTO,0,0,1,0,0.0,0.0,1
VTOL,2,2,1,0,0.0,1.0,6
VTR,3,1,2,1,3.0,1.0,11
VVI,0,1,1,1,0.0,0.0,3
VVV,1,2,1,0,1.0,3.0,8
VZ,3,0,3,0,2.0,1.0,9
W,0,2,0,2,0.0,2.0,6
WAB,1,1,3,1,1.0,2.0,9
WAL,3,1,3,1,1.0,0.0,9
WAT,2,0,3,0,2.0,0.0,7
WBAI,1,2,1,0,0.0,0.0,4
WBS,1,0,1,0,0.0,0.0,2
WBT,1,0,1,0,3.0,0.0,5
WCC,1,2,1,2,1.0,0.0,7
WCN,1,0,1,1,1.0,1.0,5
WD,2,3,2,3,2.0,3.0,15
WDR,1,0,1,0,1.0,0.0,3
WEC,1,3,3,0,1.0,1.0,9
WELL,2,1,2,1,1.0,0.0,7
WES,1,2,1,1,2.0,0.0,7
WEX,1,0,1,0,0.0,0.0,2
WF,1,2,1,0,2.0,0.0,6
WFC,1,0,1,0,1.0,0.0,3
WGO,0,0,0,2,0.0,0.0,2
WHG,2,0,2,0,2.0,0.0,6
WHR,1,2,1,0,1.0,1.0,6
WK,1,2,3,1,0.0,0.0,7
WLK,1,0,1,0,1.0,0.0,3
WLKP,1,1,2,0,1.0,1.0,6
WM,1,1,1,1,1.0,0.0,5
WMC,1,1,1,1,1.0,1.0,6
WMK,2,2,2,2,1.0,2.0,11
WMS,0,3,0,2,0.0,0.0,5
WMT,2,2,2,2,0.0,1.0,9
WNS,1,2,1,2,1.0,0.0,7
WOR,2,0,0,0,1.0,0.0,3
WPC,3,1,3,1,0.0,2.0,10
WPG,3,0,1,0,0.0,0.0,4
WPM,1,3,1,3,1.0,2.0,11
WRB,2,1,2,1,0.0,0.0,6
WRE,0,0,1,1,0.0,1.0,3
WRI,1,0,1,0,1.0,0.0,3
WRK,1,0,1,1,2.0,0.0,5
WSM,2,2,2,2,2.0,2.0,12
WSO,0,2,0,3,0.0,2.0,7
WSR,1,0,1,0,3.0,0.0,5
WST,2,3,2,2,2.0,2.0,13
WTI,3,0,1,0,0.0,0.0,4
WTM,0,1,0,1,2.0,1.0,5
WTRG,2,3,2,3,2.0,2.0,14
WTS,1,0,1,0,1.0,0.0,3
WTTR,3,0,3,0,0.0,0.0,6
WU,1,0,1,0,1.0,0.0,3
WWE,1,2,2,0,0.0,2.0,7
WY,1,2,1,2,1.0,2.0,9
X,3,0,1,0,2.0,0.0,6
XEC,1,0,1,0,2.0,0.0,4
XHR,0,0,1,0,2.0,0.0,3
XIN,2,1,3,0,2.0,1.0,9
XOM,1,0,1,0,0.0,0.0,2
XPO,1,0,1,0,1.0,1.0,4
XRX,1,0,1,0,0.0,1.0,3
XYF,0,0,2,0,0.0,,2
XYL,3,0,3,0,3.0,0.0,9
Y,2,1,0,1,2.0,1.0,7
YELP,1,0,1,0,2.0,0.0,4
YETI,1,2,1,2,0.0,2.0,8
YEXT,2,0,2,0,0.0,0.0,4
YPF,1,0,1,0,0.0,0.0,2
YRD,1,0,1,0,2.0,0.0,4
YUM,1,1,1,2,0.0,0.0,5
YUMC,1,1,1,0,1.0,2.0,6
ZBH,1,1,1,0,1.0,1.0,5
ZEN,3,1,3,0,0.0,0.0,7
ZTO,2,0,2,0,1.0,0.0,5
ZTS,1,1,1,0,1.0,2.0,6
ZUO,3,2,1,0,0.0,0.0,6
ZYME,0,0,2,2,0.0,0.0,4
